,Price Feeder Cattle,Volume Feeder Cattle,Price Live Cattle,Volume Live Cattle,Price US Corn,Volume US Corn,Price US Soybean Meal,Volume US Soybean Meal,Price US Soybean Oil,Volume US Soybean Oil,Price US Soybeans,Volume US Soybeans,Price US Wheat,Volume US Wheat,lag1,lag2,lag3
1/01/2024,0,0,0,0,0,0,0,0,0,0,0,0,0,0,2.014304324,1.43895703,1.627398304
2/01/2024,0,0,0,0,0,0,0,0,0,0,0,0,0,0,2.014304324,1.419912434,1.647445248
3/01/2024,0,0,0,0,0,0,0,0,0,0,0,0,0,0,2.014304324,1.419912434,1.594320847
4/01/2024,0,0,0,0,0,0,0,0,0,0,0,0,0,0,2.014304324,1.419912434,1.594320847
5/01/2024,0,0,0,0,0,0,0,0,0,0,0,0,0,0,1.955165839,1.542198792,1.594320847
6/01/2024,0,0,0,0,0,0,0,0,0,0,0,0,0,0,1.931109506,1.579285639,1.57527625
7/01/2024,0,0,0,0,0,0,0,0,0,0,0,0,0,0,1.953161145,1.544203486,1.65746872
8/01/2024,0,0,0,0,0,0,0,0,0,0,0,0,0,0,2.080459239,1.50711664,1.736654149
9/01/2024,0,0,0,0,0,0,0,0,0,0,0,0,0,0,2.080459239,1.638424123,1.683529747
10/01/2024,0,0,0,0,0,0,0,0,0,0,0,0,0,0,2.080459239,1.638424123,1.751689357
11/01/2024,0,0,0,0,0,0,0,0,0,0,0,0,0,0,2.007287893,1.638424123,1.751689357
12/01/2024,0,0,0,0,0,0,0,0,0,0,0,0,0,0,1.993255033,1.579285639,1.751689357
13/01/2024,0,0,0,0,0,0,0,0,0,0,0,0,0,0,2.050388823,1.576278597,1.821853661
14/01/2024,0,0,0,0,0,0,0,0,0,0,0,0,0,0,2.117546086,1.613365443,2.016309018
15/01/2024,0,0,0,0,0,0,0,0,0,0,0,0,0,0,2.067428725,1.540194098,1.928102465
16/01/2024,0,0,0,0,0,0,0,0,0,0,0,0,0,0,2.067428725,1.753694052,1.953161145
17/01/2024,0,0,0,0,0,0,0,0,0,0,0,0,0,0,2.067428725,1.753694052,1.936121242
18/01/2024,0,0,0,0,0,0,0,0,0,0,0,0,0,0,2.067428725,1.753694052,1.936121242
19/01/2024,0,0,0,0,0,0,0,0,0,0,0,0,0,0,2.116543738,1.753694052,1.936121242
20/01/2024,0,0,0,0,0,0,0,0,0,0,0,0,0,0,2.085470975,1.203405438,1.936121242
21/01/2024,0,0,0,0,0,0,0,0,0,0,0,0,0,0,2.016309018,1.285597909,1.808823148
22/01/2024,0,0,0,0,0,0,0,0,0,0,0,0,0,0,1.941132978,1.310656589,1.727633024
23/01/2024,0,0,0,0,0,0,0,0,0,0,0,0,0,0,1.941132978,1.229466465,1.685534442
24/01/2024,0,0,0,0,0,0,0,0,0,0,0,0,0,0,1.941132978,1.229466465,1.519144806
25/01/2024,0,0,0,0,0,0,0,0,0,0,0,0,0,0,1.923090729,1.229466465,1.519144806
26/01/2024,0,0,0,0,0,0,0,0,0,0,0,0,0,0,1.902041437,1.241494632,1.519144806
27/01/2024,0,0,0,0,0,0,0,0,0,0,0,0,0,0,1.959175228,1.222450035,1.599332583
28/01/2024,0,0,0,0,0,0,0,0,0,0,0,0,0,0,2.075447503,1.307649547,1.668494539
29/01/2024,0,0,0,0,0,0,0,0,0,0,0,0,0,0,2.039363004,1.349748129,1.669496887
30/01/2024,0,0,0,0,0,0,0,0,0,0,0,0,0,0,2.039363004,1.414900698,1.574273903
31/01/2024,0,0,0,0,0,0,0,0,0,0,0,0,0,0,2.039363004,1.414900698,1.613365443
1/02/2024,0,0,0,0,0,0,0,0,0,0,0,0,0,0,2.191719778,1.414900698,1.613365443
2/02/2024,0,0,0,0,0,0,0,0,0,0,0,0,0,0,2.146614154,1.492081432,1.613365443
3/02/2024,0,0,0,0,0,0,0,0,0,0,0,0,0,0,2.15162589,1.663482803,1.608353707
4/02/2024,0,0,0,0,0,0,0,0,0,0,0,0,0,0,2.222792542,1.654461679,1.583295027
5/02/2024,0,0,0,0,0,0,0,0,0,0,0,0,0,0,2.26990286,1.674508623,1.658471067
6/02/2024,0,0,0,0,0,0,0,0,0,0,0,0,0,0,2.26990286,1.742668232,1.634414735
7/02/2024,0,0,0,0,0,0,0,0,0,0,0,0,0,0,2.26990286,1.742668232,1.608353707
8/02/2024,0,0,0,0,0,0,0,0,0,0,0,0,0,0,2.19472682,1.742668232,1.608353707
9/02/2024,0,0,0,0,0,0,0,0,0,0,0,0,0,0,2.118548433,1.831877133,1.608353707
10/02/2024,0,0,0,0,0,0,0,0,0,0,0,0,0,0,2.123560169,1.844907647,1.669496887
11/02/2024,0,0,0,0,0,0,0,0,0,0,0,0,0,0,2.259879388,1.923090729,1.690546178
12/02/2024,0,0,0,0,0,0,0,0,0,0,0,0,0,0,2.298970929,1.8439053,1.526161237
13/02/2024,0,0,0,0,0,0,0,0,0,0,0,0,0,0,2.298970929,1.869966327,1.592316152
14/02/2024,0,0,0,0,0,0,0,0,0,0,0,0,0,0,2.298970929,1.869966327,1.57527625
15/02/2024,0,0,0,0,0,0,0,0,0,0,0,0,0,0,2.3450789,1.869966327,1.57527625
16/02/2024,0,0,0,0,0,0,0,0,0,0,0,0,0,0,2.315008484,1.787773856,1.57527625
17/02/2024,0,0,0,0,0,0,0,0,0,0,0,0,0,0,2.215776111,1.691548525,1.57527625
18/02/2024,0,0,0,0,0,0,0,0,0,0,0,0,0,0,2.218783153,1.797797328,1.587304416
19/02/2024,0,0,0,0,0,0,0,0,0,0,0,0,0,0,2.215776111,1.795792634,1.620381874
20/02/2024,0,0,0,0,0,0,0,0,0,0,0,0,0,0,2.215776111,1.78276212,1.562245736
21/02/2024,0,0,0,0,0,0,0,0,0,0,0,0,0,0,2.215776111,1.78276212,1.546208181
22/02/2024,0,0,0,0,0,0,0,0,0,0,0,0,0,0,2.215776111,1.78276212,1.546208181
23/02/2024,0,0,0,0,0,0,0,0,0,0,0,0,0,0,2.281931027,1.78276212,1.546208181
24/02/2024,0,0,0,0,0,0,0,0,0,0,0,0,0,0,2.079456892,1.840898258,1.534180014
25/02/2024,0,0,0,0,0,0,0,0,0,0,0,0,0,0,2.084468628,2.015306671,1.568259819
26/02/2024,0,0,0,0,0,0,0,0,0,0,0,0,0,0,2.104515572,1.953161145,1.586302069
27/02/2024,0,0,0,0,0,0,0,0,0,0,0,0,0,0,2.104515572,1.786771509,1.544203486
28/02/2024,0,0,0,0,0,0,0,0,0,0,0,0,0,0,2.104515572,1.786771509,1.535182362
29/02/2024,0,0,0,0,0,0,0,0,0,0,0,0,0,0,2.291954499,1.786771509,1.535182362
1/03/2024,0,0,0,0,0,0,0,0,0,0,0,0,0,0,2.180693959,1.852926424,1.535182362
2/03/2024,0,0,0,0,0,0,0,0,0,0,0,0,0,0,2.007287893,1.941132978,1.505111946
3/03/2024,0,0,0,0,0,0,0,0,0,0,0,0,0,0,2.027334837,1.880992146,1.536184709
4/03/2024,0,0,0,0,0,0,0,0,0,0,0,0,0,0,2.117546086,1.918078993,1.505111946
5/03/2024,0,0,0,0,0,0,0,0,0,0,0,0,0,0,2.117546086,1.993255033,1.484062654
6/03/2024,0,0,0,0,0,0,0,0,0,0,0,0,0,0,2.117546086,1.993255033,1.503107251
7/03/2024,0,0,0,0,0,0,0,0,0,0,0,0,0,0,2.238830097,1.993255033,1.503107251
8/03/2024,0,0,0,0,0,0,0,0,0,0,0,0,0,0,2.182698654,1.983231561,1.503107251
9/03/2024,0,0,0,0,0,0,0,0,0,0,0,0,0,0,2.161649362,2.203747945,1.486067349
10/03/2024,0,0,0,0,0,0,0,0,0,0,0,0,0,0,2.173677529,2.254867652,1.495088474
11/03/2024,0,0,0,0,0,0,0,0,0,0,0,0,0,0,2.163654057,2.373144622,1.403874878
12/03/2024,0,0,0,0,0,0,0,0,0,0,0,0,0,0,2.163654057,2.235823055,1.322684755
13/03/2024,0,0,0,0,0,0,0,0,0,0,0,0,0,0,2.163654057,2.235823055,1.265550965
14/03/2024,0,0,0,0,0,0,0,0,0,0,0,0,0,0,2.097499142,2.235823055,1.265550965
15/03/2024,0,0,0,0,0,0,0,0,0,0,0,0,0,0,2.22680193,2.524499049,1.265550965
16/03/2024,0,0,0,0,0,0,0,0,0,0,0,0,0,0,2.088478017,2.14460946,1.376811504
17/03/2024,0,0,0,0,0,0,0,0,0,0,0,0,0,0,2.04437474,2.084468628,1.36378099
18/03/2024,0,0,0,0,0,0,0,0,0,0,0,0,0,0,1.964186964,2.045377087,1.351752824
19/03/2024,0,0,0,0,0,0,0,0,0,0,0,0,0,0,1.964186964,2.074445156,1.284595561
20/03/2024,0,0,0,0,0,0,0,0,0,0,0,0,0,0,1.964186964,2.074445156,1.38182324
21/03/2024,0,0,0,0,0,0,0,0,0,0,0,0,0,0,1.931109506,2.074445156,1.38182324
22/03/2024,0,0,0,0,0,0,0,0,0,0,0,0,0,0,1.910060215,2.117546086,1.38182324
23/03/2024,0,0,0,0,0,0,0,0,0,0,0,0,0,0,1.819848967,2.072440461,1.268558006
24/03/2024,0,0,0,0,0,0,0,0,0,0,0,0,0,0,1.686536789,2.155635279,1.290609645
25/03/2024,0,0,0,0,0,0,0,0,0,0,0,0,0,0,1.754696399,2.163654057,1.312661283
26/03/2024,0,0,0,0,0,0,0,0,0,0,0,0,0,0,1.754696399,2.183701001,1.348745782
27/03/2024,0,0,0,0,0,0,0,0,0,0,0,0,0,0,1.754696399,2.183701001,1.342731699
28/03/2024,0,0,0,0,0,0,0,0,0,0,0,0,0,0,1.763717524,2.183701001,1.342731699
29/03/2024,0,0,0,0,0,0,0,0,0,0,0,0,0,0,1.88299684,2.093489753,1.342731699
30/03/2024,0,0,0,0,0,0,0,0,0,0,0,0,0,0,1.886003882,1.964186964,1.283593214
31/03/2024,0,0,0,0,0,0,0,0,0,0,0,0,0,0,1.903043784,2.035353615,1.284595561
1/04/2024,0,0,0,0,0,0,0,0,0,0,0,0,0,0,1.964186964,1.979222172,1.535182362
2/04/2024,0,0,0,0,0,0,0,0,0,0,0,0,0,0,1.964186964,1.803811412,1.404877226
3/04/2024,0,0,0,0,0,0,0,0,0,0,0,0,0,0,1.964186964,1.803811412,1.404877226
4/04/2024,0,0,0,0,0,0,0,0,0,0,0,0,0,0,1.946144714,1.803811412,1.404877226
5/04/2024,0,0,0,0,0,0,0,0,0,0,0,0,0,0,1.877985104,1.854931119,1.404877226
6/04/2024,0,0,0,0,0,0,0,0,0,0,0,0,0,0,1.809825495,1.963184617,1.365785685
7/04/2024,0,0,0,0,0,0,0,0,0,0,0,0,0,0,1.846912341,1.922088381,1.366788032
8/04/2024,0,0,0,0,0,0,0,0,0,0,0,0,0,0,1.846912341,1.906050826,1.393851406
9/04/2024,0,0,0,0,0,0,0,0,0,0,0,0,0,0,1.846912341,1.986238602,1.370797421
10/04/2024,0,0,0,0,0,0,0,0,0,0,0,0,0,0,1.846912341,1.986238602,1.314665977
11/04/2024,0,0,0,0,0,0,0,0,0,0,0,0,0,0,1.810827842,1.986238602,1.314665977
12/04/2024,0,0,0,0,0,0,0,0,0,0,0,0,0,0,1.881994493,1.895025007,1.314665977
13/04/2024,0,0,0,0,0,0,0,0,0,0,0,0,0,0,1.906050826,1.913067256,1.321682408
14/04/2024,0,0,0,0,0,0,0,0,0,0,0,0,0,0,1.940130631,1.886003882,1.252520451
15/04/2024,0,0,0,0,0,0,0,0,0,0,0,0,0,0,1.90103909,1.918078993,1.284595561
16/04/2024,0,0,0,0,0,0,0,0,0,0,0,0,0,0,1.90103909,1.918078993,1.321682408
17/04/2024,0,0,0,0,0,0,0,0,0,0,0,0,0,0,1.90103909,1.918078993,1.324689449
18/04/2024,0,0,0,0,0,0,0,0,0,0,0,0,0,0,1.961179922,1.918078993,1.324689449
19/04/2024,0,0,0,0,0,0,0,0,0,0,0,0,0,0,1.890013271,1.964186964,1.324689449
20/04/2024,0,0,0,0,0,0,0,0,0,0,0,0,0,0,1.823858356,1.948149409,1.377813851
21/04/2024,0,0,0,0,0,0,0,0,0,0,0,0,0,0,1.790780898,2.018313713,1.40688192
22/04/2024,0,0,0,0,0,0,0,0,0,0,0,0,0,0,1.739661191,1.993255033,1.425926517
23/04/2024,0,0,0,0,0,0,0,0,0,0,0,0,0,0,1.739661191,1.892017965,1.523154195
24/04/2024,0,0,0,0,0,0,0,0,0,0,0,0,0,0,1.739661191,1.892017965,1.527163584
25/04/2024,0,0,0,0,0,0,0,0,0,0,0,0,0,0,1.677515664,1.892017965,1.527163584
26/04/2024,0,0,0,0,0,0,0,0,0,0,0,0,0,0,1.653459331,1.827867744,1.527163584
27/04/2024,0,0,0,0,0,0,0,0,0,0,0,0,0,0,1.577280944,1.751689357,1.591313805
28/04/2024,0,0,0,0,0,0,0,0,0,0,0,0,0,0,1.577280944,1.813834884,1.558236347
29/04/2024,0,0,0,0,0,0,0,0,0,0,0,0,0,0,1.627398304,1.705581386,1.516137765
30/04/2024,0,0,0,0,0,0,0,0,0,0,0,0,0,0,1.627398304,1.708588427,1.529168278
1/05/2024,0,0,0,0,0,0,0,0,0,0,0,0,0,0,1.627398304,1.708588427,1.563248083
2/05/2024,0,0,0,0,0,0,0,0,0,0,0,0,0,0,1.639426471,1.708588427,1.563248083
3/05/2024,0,0,0,0,0,0,0,0,0,0,0,0,0,0,1.58229268,1.73264476,1.563248083
4/05/2024,0,0,0,0,0,0,0,0,0,0,0,0,0,0,1.552222264,1.667492192,1.465018058
5/05/2024,0,0,0,0,0,0,0,0,0,0,0,0,0,0,1.549215222,1.586302069,1.538189403
6/05/2024,0,0,0,0,0,0,0,0,0,0,0,0,0,0,1.56425043,1.572269208,1.546208181
7/05/2024,0,0,0,0,0,0,0,0,0,0,0,0,0,0,1.56425043,1.537187056,1.580287986
8/05/2024,0,0,0,0,0,0,0,0,0,0,0,0,0,0,1.56425043,1.537187056,1.728635371
9/05/2024,0,0,0,0,0,0,0,0,0,0,0,0,0,0,1.572269208,1.537187056,1.728635371
10/05/2024,0,0,0,0,0,0,0,0,0,0,0,0,0,0,1.493083779,1.41389835,1.728635371
11/05/2024,0,0,0,0,0,0,0,0,0,0,0,0,0,0,1.498095515,1.38182324,1.747679968
12/05/2024,0,0,0,0,0,0,0,0,0,0,0,0,0,0,1.617374832,1.308651894,1.798799676
13/05/2024,0,0,0,0,0,0,0,0,0,0,0,0,0,0,1.63241004,1.296623728,1.812832536
14/05/2024,0,0,0,0,0,0,0,0,0,0,0,0,0,0,1.63241004,1.366788032,1.538189403
15/05/2024,0,0,0,0,0,0,0,0,0,0,0,0,0,0,1.63241004,1.366788032,1.538189403
16/05/2024,0,0,0,0,0,0,0,0,0,0,0,0,0,0,1.612363096,1.366788032,1.538189403
17/05/2024,0,0,0,0,0,0,0,0,0,0,0,0,0,0,1.572269208,1.43895703,1.538189403
18/05/2024,0,0,0,0,0,0,0,0,0,0,0,0,0,0,1.556231653,1.420914781,1.451987544
19/05/2024,0,0,0,0,0,0,0,0,0,0,0,0,0,0,1.443968766,1.442966419,1.410891309
20/05/2024,0,0,0,0,0,0,0,0,0,0,0,0,0,0,1.393851406,1.556231653,1.334712921
21/05/2024,0,0,0,0,0,0,0,0,0,0,0,0,0,0,1.393851406,1.602339624,1.31366363
22/05/2024,0,0,0,0,0,0,0,0,0,0,0,0,0,0,1.393851406,1.602339624,1.291611992
23/05/2024,0,0,0,0,0,0,0,0,0,0,0,0,0,0,1.42492417,1.602339624,1.291611992
24/05/2024,0,0,0,0,0,0,0,0,0,0,0,0,0,0,1.366788032,1.528165931,1.291611992
25/05/2024,0,0,0,0,0,0,0,0,0,0,0,0,0,0,1.324689449,1.574273903,1.304642505
26/05/2024,0,0,0,0,0,0,0,0,0,0,0,0,0,0,1.274572089,1.545205834,1.165316244
27/05/2024,0,0,0,0,0,0,0,0,0,0,0,0,0,0,1.324689449,1.585299722,1.140257564
28/05/2024,0,0,0,0,0,0,0,0,0,0,0,0,0,0,1.324689449,1.626395957,1.205410132
29/05/2024,0,0,0,0,0,0,0,0,0,0,0,0,0,0,1.324689449,1.626395957,1.257532187
30/05/2024,0,0,0,0,0,0,0,0,0,0,0,0,0,0,1.324689449,1.626395957,1.257532187
31/05/2024,0,0,0,0,0,0,0,0,0,0,0,0,0,0,1.228464118,1.626395957,1.257532187
1/06/2024,0,0,0,0,0,0,0,0,0,0,0,0,0,0,1.236482896,1.450985197,1.257532187
2/06/2024,0,0,0,0,0,0,0,0,0,0,0,0,0,0,1.316670672,1.429935906,1.289607297
3/06/2024,0,0,0,0,0,0,0,0,0,0,0,0,0,0,1.280586173,1.451987544,1.242496979
4/06/2024,0,0,0,0,0,0,0,0,0,0,0,0,0,0,1.280586173,1.38182324,1.218440646
5/06/2024,0,0,0,0,0,0,0,0,0,0,0,0,0,0,1.280586173,1.38182324,1.264548617
6/06/2024,0,0,0,0,0,0,0,0,0,0,0,0,0,0,1.314665977,1.38182324,1.264548617
7/06/2024,0,0,0,0,0,0,0,0,0,0,0,0,0,0,1.269560353,1.373804462,1.264548617
8/06/2024,0,0,0,0,0,0,0,0,0,0,0,0,0,0,1.354759865,1.477046224,1.171330328
9/06/2024,0,0,0,0,0,0,0,0,0,0,0,0,0,0,1.342731699,1.459003974,1.200398396
10/06/2024,0,0,0,0,0,0,0,0,0,0,0,0,0,0,1.274572089,1.578283291,1.166318592
11/06/2024,0,0,0,0,0,0,0,0,0,0,0,0,0,0,1.274572089,1.594320847,1.118205926
12/06/2024,0,0,0,0,0,0,0,0,0,0,0,0,0,0,1.274572089,1.594320847,1.135245828
13/06/2024,0,0,0,0,0,0,0,0,0,0,0,0,0,0,1.276576784,1.594320847,1.135245828
14/06/2024,0,0,0,0,0,0,0,0,0,0,0,0,0,0,1.277579131,1.453992238,1.135245828
15/06/2024,0,0,0,0,0,0,0,0,0,0,0,0,0,0,1.199396049,1.412896003,1.041025191
16/06/2024,0,0,0,0,0,0,0,0,0,0,0,0,0,0,1.244501673,1.478048571,1.025989983
17/06/2024,0,0,0,0,0,0,0,0,0,0,0,0,0,0,1.467022752,1.60033493,1.094149593
18/06/2024,0,0,0,0,0,0,0,0,0,0,0,0,0,0,1.467022752,1.684532095,0.916734139
19/06/2024,0,0,0,0,0,0,0,0,0,0,0,0,0,0,1.467022752,1.684532095,1.036013455
20/06/2024,0,0,0,0,0,0,0,0,0,0,0,0,0,0,1.467022752,1.684532095,1.036013455
21/06/2024,0,0,0,0,0,0,0,0,0,0,0,0,0,0,1.430938253,1.684532095,1.036013455
22/06/2024,0,0,0,0,0,0,0,0,0,0,0,0,0,0,1.695557914,1.616372485,1.033006414
23/06/2024,0,0,0,0,0,0,0,0,0,0,0,0,0,0,1.55021757,1.627398304,0.934776388
24/06/2024,0,0,0,0,0,0,0,0,0,0,0,0,0,0,1.409888962,1.570264514,0.843562793
25/06/2024,0,0,0,0,0,0,0,0,0,0,0,0,0,0,1.409888962,1.629402999,0.759365628
26/06/2024,0,0,0,0,0,0,0,0,0,0,0,0,0,0,1.409888962,1.629402999,0.773398489
27/06/2024,0,0,0,0,0,0,0,0,0,0,0,0,0,0,1.448980502,1.629402999,0.773398489
28/06/2024,0,0,0,0,0,0,0,0,0,0,0,0,0,0,1.375809157,1.730640066,0.773398489
29/06/2024,0,0,0,0,0,0,0,0,0,0,0,0,0,0,1.320680061,1.854931119,0.817501766
30/06/2024,0,0,0,0,0,0,0,0,0,0,0,0,0,0,1.332708227,1.936121242,0.785426655
1/07/2024,0,0,0,0,0,0,0,0,0,0,0,0,0,0,1.495088474,2.003278505,1.057062747
2/07/2024,0,0,0,0,0,0,0,0,0,0,0,0,0,0,1.495088474,1.90103909,1.12021062
3/07/2024,0,0,0,0,0,0,0,0,0,0,0,0,0,0,1.495088474,1.90103909,1.101166024
4/07/2024,0,0,0,0,0,0,0,0,0,0,0,0,0,0,1.48907439,1.90103909,1.101166024
5/07/2024,0,0,0,0,0,0,0,0,0,0,0,0,0,0,1.48907439,1.90103909,1.101166024
6/07/2024,0,0,0,0,0,0,0,0,0,0,0,0,0,0,1.48205796,1.831877133,1.101166024
7/07/2024,0,0,0,0,0,0,0,0,0,0,0,0,0,0,1.459003974,1.930107159,0.85158157
8/07/2024,0,0,0,0,0,0,0,0,0,0,0,0,0,0,1.398863142,2.004280852,0.873633209
9/07/2024,0,0,0,0,0,0,0,0,0,0,0,0,0,0,1.398863142,2.088478017,0.854588612
10/07/2024,0,0,0,0,0,0,0,0,0,0,0,0,0,0,1.398863142,2.088478017,0.82652289
11/07/2024,0,0,0,0,0,0,0,0,0,0,0,0,0,0,1.425926517,2.088478017,0.82652289
12/07/2024,0,0,0,0,0,0,0,0,0,0,0,0,0,0,1.526161237,2.133583641,0.82652289
13/07/2024,0,0,0,0,0,0,0,0,0,0,0,0,0,0,1.517140112,2.091485058,0.850579223
14/07/2024,0,0,0,0,0,0,0,0,0,0,0,0,0,0,1.612363096,2.2197855,0.852583918
15/07/2024,0,0,0,0,0,0,0,0,0,0,0,0,0,0,1.603341971,2.277921638,0.967853846
16/07/2024,0,0,0,0,0,0,0,0,0,0,0,0,0,0,1.603341971,1.613365443,0.928762305
17/07/2024,0,0,0,0,0,0,0,0,0,0,0,0,0,0,1.603341971,1.613365443,0.933774041
18/07/2024,0,0,0,0,0,0,0,0,0,0,0,0,0,0,1.647445248,1.613365443,0.933774041
19/07/2024,0,0,0,0,0,0,0,0,0,0,0,0,0,0,1.730640066,1.648447595,0.933774041
20/07/2024,0,0,0,0,0,0,0,0,0,0,0,0,0,0,1.741665885,1.653459331,0.899694236
21/07/2024,0,0,0,0,0,0,0,0,0,0,0,0,0,0,1.408886614,1.668494539,0.956828027
22/07/2024,0,0,0,0,0,0,0,0,0,0,0,0,0,0,1.387837323,1.647445248,0.999928956
23/07/2024,0,0,0,0,0,0,0,0,0,0,0,0,0,0,1.387837323,1.618377179,0.933774041
24/07/2024,0,0,0,0,0,0,0,0,0,0,0,0,0,0,1.387837323,1.618377179,0.83754871
25/07/2024,0,0,0,0,0,0,0,0,0,0,0,0,0,0,1.418910086,1.618377179,0.83754871
26/07/2024,0,0,0,0,0,0,0,0,0,0,0,0,0,0,1.841900605,1.778752732,0.83754871
27/07/2024,0,0,0,0,0,0,0,0,0,0,0,0,0,0,1.95115645,2.028337185,0.83754871
28/07/2024,0,0,0,0,0,0,0,0,0,0,0,0,0,0,1.949151756,2.193724473,0.889670764
29/07/2024,0,0,0,0,0,0,0,0,0,0,0,0,0,0,1.855933466,2.20174325,0.86260739
30/07/2024,0,0,0,0,0,0,0,0,0,0,0,0,0,0,1.855933466,2.257874694,0.866616778
31/07/2024,0,0,0,0,0,0,0,0,0,0,0,0,0,0,1.855933466,2.257874694,0.827525238
1/08/2024,0,0,0,0,0,0,0,0,0,0,0,0,0,0,1.815839578,2.257874694,0.827525238
2/08/2024,0,0,0,0,0,0,0,0,0,0,0,0,0,0,1.864954591,2.174679876,0.827525238
3/08/2024,0,0,0,0,0,0,0,0,0,0,0,0,0,0,1.821853661,2.196731514,0.873633209
4/08/2024,0,0,0,0,0,0,0,0,0,0,0,0,0,0,1.815839578,2.121555474,0.779412572
5/08/2024,0,0,0,0,0,0,0,0,0,0,0,0,0,0,1.744672927,2.442306579,0.832536974
6/08/2024,0,0,0,0,0,0,0,0,0,0,0,0,0,0,1.744672927,2.295963887,0.870626167
7/08/2024,0,0,0,0,0,0,0,0,0,0,0,0,0,0,1.744672927,2.295963887,0.889670764
8/08/2024,0,0,0,0,0,0,0,0,0,0,0,0,0,0,1.765722218,2.295963887,0.889670764
9/08/2024,0,0,0,0,0,0,0,0,0,0,0,0,0,0,1.635417082,2.291954499,0.889670764
10/08/2024,0,0,0,0,0,0,0,0,0,0,0,0,0,0,1.566255125,2.441304232,0.897689542
11/08/2024,0,0,0,0,0,0,0,0,0,0,0,0,0,0,1.599332583,2.461351176,0.904705972
12/08/2024,0,0,0,0,0,0,0,0,0,0,0,0,0,0,1.672503928,2.507459147,0.855590959
13/08/2024,0,0,0,0,0,0,0,0,0,0,0,0,0,0,1.672503928,2.507459147,0.855590959
14/08/2024,0,0,0,0,0,0,0,0,0,0,0,0,0,0,1.672503928,2.507459147,0.882654334
15/08/2024,0,0,0,0,0,0,0,0,0,0,0,0,0,0,1.927100117,2.507459147,0.882654334
16/08/2024,0,0,0,0,0,0,0,0,0,0,0,0,0,0,1.340727005,1.82586305,0.882654334
17/08/2024,0,0,0,0,0,0,0,0,0,0,0,0,0,0,1.347743435,1.662480456,0.895684847
18/08/2024,0,0,0,0,0,0,0,0,0,0,0,0,0,0,1.298628422,1.709590775,0.902701278
19/08/2024,0,0,0,0,0,0,0,0,0,0,0,0,0,0,1.341729352,1.797797328,0.877642598
20/08/2024,0,0,0,0,0,0,0,0,0,0,0,0,0,0,1.341729352,1.790780898,0.816499418
21/08/2024,0,0,0,0,0,0,0,0,0,0,0,0,0,0,1.341729352,1.790780898,0.834541668
22/08/2024,0,0,0,0,0,0,0,0,0,0,0,0,0,0,1.295621381,1.790780898,0.834541668
23/08/2024,0,0,0,0,0,0,0,0,0,0,0,0,0,0,1.28158852,1.45699928,0.834541668
24/08/2024,0,0,0,0,0,0,0,0,0,0,0,0,0,0,1.347743435,1.989245644,0.767384406
25/08/2024,0,0,0,0,0,0,0,0,0,0,0,0,0,0,1.459003974,1.981226866,0.850579223
26/08/2024,0,0,0,0,0,0,0,0,0,0,0,0,0,0,1.478048571,1.883999188,0.824518196
27/08/2024,0,0,0,0,0,0,0,0,0,0,0,0,0,0,1.478048571,2.085470975,0.866616778
28/08/2024,0,0,0,0,0,0,0,0,0,0,0,0,0,0,1.478048571,2.085470975,0.843562793
29/08/2024,0,0,0,0,0,0,0,0,0,0,0,0,0,0,1.50010021,2.085470975,0.843562793
30/08/2024,0,0,0,0,0,0,0,0,0,0,0,0,0,0,1.428933558,2.088478017,0.843562793
31/08/2024,0,0,0,0,0,0,0,0,0,0,0,0,0,0,1.412896003,1.928102465,0.777407878
1/09/2024,0,0,0,0,0,0,0,0,0,0,0,0,0,0,1.349748129,1.453992238,0.765379711
2/09/2024,0,0,0,0,0,0,0,0,0,0,0,0,0,0,1.314665977,1.450985197,0.738316337
3/09/2024,0,0,0,0,0,0,0,0,0,0,0,0,0,0,1.314665977,1.480053266,0.680180199
4/09/2024,0,0,0,0,0,0,0,0,0,0,0,0,0,0,1.314665977,1.480053266,0.710250615
5/09/2024,0,0,0,0,0,0,0,0,0,0,0,0,0,0,1.314665977,1.480053266,0.710250615
6/09/2024,0,0,0,0,0,0,0,0,0,0,0,0,0,0,1.295621381,1.480053266,0.710250615
7/09/2024,0,0,0,0,0,0,0,0,0,0,0,0,0,0,1.311658936,1.370797421,0.710250615
8/09/2024,0,0,0,0,0,0,0,0,0,0,0,0,0,0,1.266553312,1.417907739,0.674166116
9/09/2024,0,0,0,0,0,0,0,0,0,0,0,0,0,0,1.329701185,1.361776296,0.675168463
10/09/2024,0,0,0,0,0,0,0,0,0,0,0,0,0,0,1.329701185,1.409888962,0.664142644
11/09/2024,0,0,0,0,0,0,0,0,0,0,0,0,0,0,1.329701185,1.409888962,0.721276434
12/09/2024,0,0,0,0,0,0,0,0,0,0,0,0,0,0,1.362778643,1.409888962,0.721276434
13/09/2024,0,0,0,0,0,0,0,0,0,0,0,0,0,0,1.286600256,1.649449943,0.721276434
14/09/2024,0,0,0,0,0,0,0,0,0,0,0,0,0,0,1.261541576,1.541196445,0.748339809
15/09/2024,0,0,0,0,0,0,0,0,0,0,0,0,0,0,1.3066472,1.534180014,0.713257657
16/09/2024,0,0,0,0,0,0,0,0,0,0,0,0,0,0,1.223452382,1.583295027,0.660133255
17/09/2024,0,0,0,0,0,0,0,0,0,0,0,0,0,0,1.223452382,1.520147154,0.703234185
18/09/2024,0,0,0,0,0,0,0,0,0,0,0,0,0,0,1.223452382,1.520147154,0.686194282
19/09/2024,0,0,0,0,0,0,0,0,0,0,0,0,0,0,1.1813538,1.520147154,0.686194282
20/09/2024,0,0,0,0,0,0,0,0,0,0,0,0,0,0,1.194384313,1.596325541,0.686194282
21/09/2024,0,0,0,0,0,0,0,0,0,0,0,0,0,0,1.253522798,1.697562608,0.662137949
22/09/2024,0,0,0,0,0,0,0,0,0,0,0,0,0,0,1.183358494,1.691548525,0.680180199
23/09/2024,0,0,0,0,0,0,0,0,0,0,0,0,0,0,1.160304508,1.591814979,0.680180199
24/09/2024,0,0,0,0,0,0,0,0,0,0,0,0,0,0,1.160304508,1.535182362,0.667149685
25/09/2024,0,0,0,0,0,0,0,0,0,0,0,0,0,0,1.160304508,1.535182362,0.662137949
26/09/2024,0,0,0,0,0,0,0,0,0,0,0,0,0,0,1.200398396,1.535182362,0.662137949
27/09/2024,0,0,0,0,0,0,0,0,0,0,0,0,0,0,1.229466465,1.629402999,0.662137949
28/09/2024,0,0,0,0,0,0,0,0,0,0,0,0,0,0,1.193381966,1.56425043,0.674166116
29/09/2024,0,0,0,0,0,0,0,0,0,0,0,0,0,0,1.217438299,1.521149501,0.674166116
30/09/2024,0,0,0,0,0,0,0,0,0,0,0,0,0,0,1.114196537,1.374806809,0.682184893
1/10/2024,0,0,0,0,0,0,0,0,0,0,0,0,0,0,1.114196537,1.332708227,0.562905577
2/10/2024,0,0,0,0,0,0,0,0,0,0,0,0,0,0,1.114196537,1.332708227,0.55087741
3/10/2024,0,0,0,0,0,0,0,0,0,0,0,0,0,0,1.04503458,1.332708227,0.55087741
4/10/2024,0,0,0,0,0,0,0,0,0,0,0,0,0,0,1.018973553,1.358769254,0.55087741
5/10/2024,0,0,0,0,0,0,0,0,0,0,0,0,0,0,1.021980595,1.332708227,0.521809341
6/10/2024,0,0,0,0,0,0,0,0,0,0,0,0,0,0,1.074102649,1.327696491,0.502764744
7/10/2024,0,0,0,0,0,0,0,0,0,0,0,0,0,0,1.022982942,1.276576784,0.516797605
8/10/2024,0,0,0,0,0,0,0,0,0,0,0,0,0,0,1.022982942,1.351752824,0.488731884
9/10/2024,0,0,0,0,0,0,0,0,0,0,0,0,0,0,1.022982942,1.351752824,0.47570137
10/10/2024,0,0,0,0,0,0,0,0,0,0,0,0,0,0,1.048041622,1.351752824,0.47570137
11/10/2024,0,0,0,0,0,0,0,0,0,0,0,0,0,0,1.021980595,1.409888962,0.47570137
12/10/2024,0,0,0,0,0,0,0,0,0,0,0,0,0,0,1.04503458,1.40688192,0.462670856
13/10/2024,0,0,0,0,0,0,0,0,0,0,0,0,0,0,1.178346758,1.521149501,0.429593399
14/10/2024,0,0,0,0,0,0,0,0,0,0,0,0,0,0,1.178346758,1.488072043,0.434605135
15/10/2024,0,0,0,0,0,0,0,0,0,0,0,0,0,0,1.178346758,1.488072043,0.471691981
16/10/2024,0,0,0,0,0,0,0,0,0,0,0,0,0,0,1.178346758,1.488072043,0.466680245
17/10/2024,0,0,0,0,0,0,0,0,0,0,0,0,0,0,1.204407785,1.488072043,0.466680245
18/10/2024,0,0,0,0,0,0,0,0,0,0,0,0,0,0,1.300633117,1.412896003,0.466680245
19/10/2024,0,0,0,0,0,0,0,0,0,0,0,0,0,0,1.440961725,1.320680061,0.479710759
20/10/2024,0,0,0,0,0,0,0,0,0,0,0,0,0,0,1.533177667,1.319677713,0.526821077
21/10/2024,0,0,0,0,0,0,0,0,0,0,0,0,0,0,1.542198792,1.435949989,0.584957215
22/10/2024,0,0,0,0,0,0,0,0,0,0,0,0,0,0,1.542198792,1.48205796,0.540853938
23/10/2024,0,0,0,0,0,0,0,0,0,0,0,0,0,0,1.542198792,1.48205796,0.574933743
24/10/2024,0,0,0,0,0,0,0,0,0,0,0,0,0,0,1.508118987,1.48205796,0.574933743
25/10/2024,0,0,0,0,0,0,0,0,0,0,0,0,0,0,1.645440554,1.389842017,0.574933743
26/10/2024,0,0,0,0,0,0,0,0,0,0,0,0,0,0,1.595323194,1.459003974,0.572929049
27/10/2024,0,0,0,0,0,0,0,0,0,0,0,0,0,0,1.598330235,1.389842017,0.569922007
28/10/2024,0,0,0,0,0,0,0,0,0,0,0,0,0,0,1.727633024,1.45699928,0.610015895
29/10/2024,0,0,0,0,0,0,0,0,0,0,0,0,0,0,1.727633024,1.557234,0.610015895
30/10/2024,0,0,0,0,0,0,0,0,0,0,0,0,0,0,1.727633024,1.557234,0.627055797
31/10/2024,0,0,0,0,0,0,0,0,0,0,0,0,0,0,1.568259819,1.557234,0.627055797
1/11/2024,0,0,0,0,0,0,0,0,0,0,0,0,0,0,1.613365443,1.584297375,0.627055797
2/11/2024,0,0,0,0,0,0,0,0,0,0,0,0,0,0,1.60735136,1.551219917,0.591973645
3/11/2024,0,0,0,0,0,0,0,0,0,0,0,0,0,0,1.566255125,1.548212875,0.673163769
4/11/2024,0,0,0,0,0,0,0,0,0,0,0,0,0,0,1.724625983,1.445973461,0.709248268
5/11/2024,0,0,0,0,0,0,0,0,0,0,0,0,0,0,1.724625983,1.50711664,0.659130908
6/11/2024,0,0,0,0,0,0,0,0,0,0,0,0,0,0,1.724625983,1.50711664,0.628058145
7/11/2024,0,0,0,0,0,0,0,0,0,0,0,0,0,0,1.678518011,1.50711664,0.628058145
8/11/2024,0,0,0,0,0,0,0,0,0,0,0,0,0,0,1.777750384,1.493083779,0.628058145
9/11/2024,0,0,0,0,0,0,0,0,0,0,0,0,0,0,1.801806717,1.496090821,0.61903702
10/11/2024,0,0,0,0,0,0,0,0,0,0,0,0,0,0,1.802809064,1.479050918,0.72628817
11/11/2024,0,0,0,0,0,0,0,0,0,0,0,0,0,0,1.797797328,1.343734046,0.725285823
12/11/2024,0,0,0,0,0,0,0,0,0,0,0,0,0,0,1.797797328,1.376811504,0.746335114
13/11/2024,0,0,0,0,0,0,0,0,0,0,0,0,0,0,1.797797328,1.376811504,0.922748222
14/11/2024,0,0,0,0,0,0,0,0,0,0,0,0,0,0,1.995259727,1.376811504,0.922748222
15/11/2024,0,0,0,0,0,0,0,0,0,0,0,0,0,0,2.040365351,1.362778643,0.922748222
16/11/2024,0,0,0,0,0,0,0,0,0,0,0,0,0,0,1.823858356,1.401870184,1.018973553
17/11/2024,0,0,0,0,0,0,0,0,0,0,0,0,0,0,1.795792634,1.368792726,0.976874971
18/11/2024,0,0,0,0,0,0,0,0,0,0,0,0,0,0,1.668494539,1.359771601,1.049043969
19/11/2024,0,0,0,0,0,0,0,0,0,0,0,0,0,0,1.668494539,1.40688192,1.005943039
20/11/2024,0,0,0,0,0,0,0,0,0,0,0,0,0,0,1.668494539,1.40688192,1.0199759
21/11/2024,0,0,0,0,0,0,0,0,0,0,0,0,0,0,1.736654149,1.40688192,1.0199759
22/11/2024,0,0,0,0,0,0,0,0,0,0,0,0,0,0,1.723623635,1.416905392,1.0199759
23/11/2024,0,0,0,0,0,0,0,0,0,0,0,0,0,0,1.679520359,1.352755171,1.001933651
24/11/2024,0,0,0,0,0,0,0,0,0,0,0,0,0,0,1.679520359,1.376811504,0.923750569
25/11/2024,0,0,0,0,0,0,0,0,0,0,0,0,0,0,1.644438207,1.376811504,0.877642598
26/11/2024,0,0,0,0,0,0,0,0,0,0,0,0,0,0,1.644438207,1.365785685,0.877642598
27/11/2024,0,0,0,0,0,0,0,0,0,0,0,0,0,0,1.644438207,1.365785685,0.863609737
28/11/2024,0,0,0,0,0,0,0,0,0,0,0,0,0,0,1.669496887,1.365785685,0.863609737
29/11/2024,0,0,0,0,0,0,0,0,0,0,0,0,0,0,1.608353707,1.419912434,0.863609737
30/11/2024,0,0,0,0,0,0,0,0,0,0,0,0,0,0,1.573271555,1.378816198,0.778410225
1/12/2024,0,0,0,0,0,0,0,0,0,0,0,0,0,0,1.543201139,1.481055613,0.789436044
2/12/2024,0,0,0,0,0,0,0,0,0,0,0,0,0,0,1.429935906,1.519144806,0.866616778
3/12/2024,0,0,0,0,0,0,0,0,0,0,0,0,0,0,1.429935906,1.544203486,0.881651987
4/12/2024,0,0,0,0,0,0,0,0,0,0,0,0,0,0,1.429935906,1.544203486,0.978879665
5/12/2024,0,0,0,0,0,0,0,0,0,0,0,0,0,0,1.385832629,1.544203486,0.978879665
6/12/2024,0,0,0,0,0,0,0,0,0,0,0,0,0,0,1.481055613,1.624391263,0.978879665
7/12/2024,0,0,0,0,0,0,0,0,0,0,0,0,0,0,1.387837323,1.789778551,0.898691889
8/12/2024,0,0,0,0,0,0,0,0,0,0,0,0,0,0,1.370797421,1.89402266,0.890673111
9/12/2024,0,0,0,0,0,0,0,0,0,0,0,0,0,0,1.349748129,1.968196353,0.957830374
10/12/2024,0,0,0,0,0,0,0,0,0,0,0,0,0,0,1.349748129,2.020318407,0.989905484
11/12/2024,0,0,0,0,0,0,0,0,0,0,0,0,0,0,1.349748129,2.020318407,1.08111908
12/12/2024,0,0,0,0,0,0,0,0,0,0,0,0,0,0,1.434947642,2.020318407,1.08111908
13/12/2024,0,0,0,0,0,0,0,0,0,0,0,0,0,0,1.405879573,1.805816106,1.08111908
14/12/2024,0,0,0,0,0,0,0,0,0,0,0,0,0,0,1.324689449,1.826865397,1.142262259
15/12/2024,0,0,0,0,0,0,0,0,0,0,0,0,0,0,1.339724657,1.905048479,1.347743435
16/12/2024,0,0,0,0,0,0,0,0,0,0,0,0,0,0,1.268558006,1.829872439,1.023985289
17/12/2024,0,0,0,0,0,0,0,0,0,0,0,0,0,0,1.268558006,1.906050826,1.024987636
18/12/2024,0,0,0,0,0,0,0,0,0,0,0,0,0,0,1.268558006,1.906050826,1.097156635
19/12/2024,0,0,0,0,0,0,0,0,0,0,0,0,0,0,1.316670672,1.906050826,1.097156635
20/12/2024,0,0,0,0,0,0,0,0,0,0,0,0,0,0,1.226459424,1.764719871,1.097156635
21/12/2024,0,0,0,0,0,0,0,0,0,0,0,0,0,0,1.189372577,1.796794981,1.164313897
22/12/2024,0,0,0,0,0,0,0,0,0,0,0,0,0,0,1.166318592,1.830874786,1.242496979
23/12/2024,0,0,0,0,0,0,0,0,0,0,0,0,0,0,1.21342891,1.786771509,1.330703533
24/12/2024,0,0,0,0,0,0,0,0,0,0,0,0,0,0,1.21342891,1.816841925,1.36378099
25/12/2024,0,0,0,0,0,0,0,0,0,0,0,0,0,0,1.21342891,1.816841925,1.36378099
26/12/2024,0,0,0,0,0,0,0,0,0,0,0,0,0,0,1.21342891,1.816841925,1.36378099
27/12/2024,0,0,0,0,0,0,0,0,0,0,0,0,0,0,1.261541576,1.816841925,1.36378099
28/12/2024,0,0,0,0,0,0,0,0,0,0,0,0,0,0,1.240492285,1.821853661,1.450985197
29/12/2024,0,0,0,0,0,0,0,0,0,0,0,0,0,0,1.209419521,1.917076645,1.462011016
30/12/2024,0,0,0,0,0,0,0,0,0,0,0,0,0,0,1.162309203,1.889010924,1.45699928
31/12/2024,0,0,0,0,0,0,0,0,0,0,0,0,0,0,1.162309203,2.014304324,1.43895703
